자치구,초등학교,승하차존,공회전제한,관리공백,공백률,집행액,학교당집행_만원
노원구,42,0,0,42,100.0,281111630,669.0
은평구,30,1,0,29,96.7,224714070,749.0
종로구,12,1,0,11,91.7,128168070,1068.0
동작구,21,0,2,19,90.5,7598010,36.0
용산구,14,3,0,11,78.6,7774150,56.0
구로구,26,5,2,20,76.9,779203970,2997.0
광진구,21,7,0,14,66.7,43491640,207.0
중랑구,24,11,0,13,54.2,26587600,111.0
서대문구,19,0,13,6,31.6,291268740,1533.0
금천구,18,0,14,4,22.2,203106940,1128.0
강동구,29,0,23,6,20.7,106076030,366.0
강북구,15,2,12,3,20.0,29806450,199.0
도봉구,23,3,21,2,8.7,36798470,160.0
중구,12,1,11,1,8.3,177704960,1481.0
성북구,29,0,27,2,6.9,198258740,684.0
성동구,21,2,20,1,4.8,109475300,521.0
서초구,23,9,22,1,4.3,344549670,1498.0
강서구,35,5,35,0,0.0,335027890,957.0
관악구,22,7,22,0,0.0,213524310,971.0
강남구,33,5,33,0,0.0,216207550,655.0
마포구,22,7,21,0,0.0,153105800,696.0
동대문구,20,2,20,0,0.0,36877910,184.0
영등포구,23,1,23,0,0.0,287860600,1252.0
송파구,41,0,41,0,0.0,205294990,501.0
양천구,29,8,29,0,0.0,84748870,292.0
