경찰서,연번,시설물명,정차구간,길이m,표지판종류,보조표지판,선정사유,시설명,유형
중부경찰서,1,광희초등학교 (다산로269),마장로 / (12m),12.0,여기로부터 후방 12m 까지,여기로부터 후방 12m 까지,1. 보도존재 2. 편도 2차선 도로 3. 소통에 문제 없을 것으로 판단,광희초등학교,초등학교
중부경찰서,2,한솔어린이집 (다산로32),동호로5길 / (12m),12.0,여기로부터 후방 12m 까지,여기로부터 후방 12m 까지,1. 보도존재 2. 정차 시에도 통행 가능할 것으로 판단.,한솔어린이집,어린이집
종로경찰서,3,교동초등학교,삼일대로 446 / (18m),18.0,어린이승하차,여기로부터 후방 18m 까지,,교동초등학교,초등학교
종로경찰서,4,세종유치원,사직로8길 9 / (18m),18.0,어린이승하차,여기로부터 후방 18m 까지,,세종유치원,유치원
혜화경찰서,5,효제초등학교,대학로16/(18m),18.0,여기로부터 후방 18m 까지,여기로부터 후방 18m 까지,,효제초등학교,초등학교
영등포경찰서,6,도신초등학교,대림로34길 / (12m),12.0,통학버스 승하차,여기로부터 후방 12m 까지,w 보도존재 w 통학버스 정차 시 에도 교행 가능,도신초등학교,초등학교
영등포경찰서,7,파랑새유치원,가마산로 384 / (8m),8.0,통학버스 승하차,여기로부터 후방 12m 까지,w 정차지점 후방에 버스정류장 위치 w 통학버스 정차하더 라도 소통에 문제 없을 것으로 보임,파랑새유치원,유치원
영등포경찰서,8,꿈나무어린이집,대방천로 / (12m),12.0,통학버스 승하차,여기로부터 후방 12m 까지,w 통행량이 많지 않은 왕복 4차로 도로 w 가변 정차 시에도 타 차량 통행 가능,꿈나무어린이집,어린이집
영등포경찰서,9,살레시오 성미유치원,신길로25길 / (10m),10.0,통학버스 승하차,여기로부터 후방 10m 까지,w 정자 앞 통학버스 정차 시 교행 가능 w 교차로 침범하지 않 도록 조정 가능,살레시오 성미유치원,유치원
성동경찰서,10,한양초등학교,살곶이길 208 / 65m,,,여기로부터 후방 65m까지,,한양초등학교,초등학교
성동경찰서,11,사근초등학교,사근동11길 16 / 18m,,,여기로부터 후방 18m까지,,사근초등학교,초등학교
성동경찰서,12,율화유치원,고산자로2길 35 / 10m,,,여기로부터 후방 10m까지,유치원 주차장 입구부터 10m,율화유치원,유치원
성동경찰서,13,마장어린이집,마장로44길 10 / 18m,,,여기로부터 후방 18m까지,,마장어린이집,어린이집
성동경찰서,14,연꽃어린이집,한림말길 16-5 / 12m,,,여기로부터 후방 12m까지,,연꽃어린이집,어린이집
동대문경찰서,15,전농초등학교,사가정로 66 / (12m),12.0,어린이 승하차,여기로부터 후방 12m까지 허용시간 08:00~09:00 / 13:00~16:00,(08∼09)/ (13∼16),전농초등학교,초등학교
동대문경찰서,16,답십리초등학교,전농로3길 23 / (12m),12.0,어린이 승하차,여기로부터 후방 12m까지 허용시간 08:00~09:30 / 13:00~14:30,(08∼09:30)/ (13∼14:30),답십리초등학교,초등학교
마포경찰서,17,마포초등학교,도화동 353 / (12m),12.0,어린이승하차,여기로부터 후방 12m 까지,-,마포초등학교,초등학교
마포경찰서,18,서강초등학교,상수동 105-2 / (18m),18.0,어린이승하차,여기로부터 후방 18m 까지,학교요청지점/ 육교 아래구간,서강초등학교,초등학교
마포경찰서,19,홍익대부속 초등학교,성산동 36-43 / (12m),12.0,어린이승하차,여기로부터 후방 12m 까지,학교요청지점,홍익대부속 초등학교,초등학교
마포경찰서,20,중동초등학교,성산동 94-1 / (18m),18.0,어린이승하차,여기로부터 후방 18m 까지,학교요청지점,중동초등학교,초등학교
마포경찰서,21,신석초등학교,신수동 445-11 / (12m),12.0,어린이승하차,여기로부터 후방 12m 까지,학교요청지점,신석초등학교,초등학교
마포경찰서,22,창천초등학교,노고산동 40-30 / (18m),18.0,어린이승하차,여기로부터 후방 18m 까지,학교요청지점,창천초등학교,초등학교
마포경찰서,23,상암초등학교,상암동 1718-1 / (12m),12.0,어린이승하차,여기로부터 후방 12m 까지,학교요청지점,상암초등학교,초등학교
마포경찰서,24,하늘초등학교,상암동 1736 / (12m),12.0,어린이승하차,여기로부터 후방 12m 까지,-,하늘초등학교,초등학교
마포경찰서,25,홍익대부속 유치원,성미산로 111 / (12m),12.0,어린이승하차,여기로부터 후방 12m 까지,-,홍익대부속 유치원,유치원
마포경찰서,26,정님유치원,염리동 36-21 / (12m),12.0,어린이승하차,여기로부터 후방 12m 까지,유치원 요청지점,정님유치원,유치원
마포경찰서,27,나사렛유치원,상암동 1639 / (12m),12.0,어린이승하차,여기로부터 후방 12m 까지,유치원 요청지점,나사렛유치원,유치원
마포경찰서,28,성결유치원,신수동 459-1 / (12m),12.0,어린이승하차,여기로부터 후방 12m 까지,유치원 요청지점,성결유치원,유치원
마포경찰서,29,신석어린이집,신수동 445-34 / (12m),12.0,어린이승하차,여기로부터 후방 12m 까지,-,신석어린이집,어린이집
동작경찰서,30,큰별어린이집,흑석한강로 12 / (30m),30.0,어린이승하차,여기로부터 후방 30m 까지,,큰별어린이집,어린이집
동작경찰서,31,흑석어린이집,서달로1길 / (40m),40.0,어린이승하차,여기로부터 후방 40m 까지,,흑석어린이집,어린이집
서부경찰서,32,와우랩유치원,은평구 응암동 409-16 / (12m),12.0,어린이승하차,여기로부터 후방 12m 까지,,와우랩유치원,유치원
중랑경찰서,33,금성초등학교,신내로21길 55 / (24m),24.0,어린이승하차,여기로부터 후방 24m 까지,,금성초등학교,초등학교
중랑경찰서,34,면동초등학교,면목로57길 52 / (12m),12.0,어린이승하차,여기로부터 후방 12m 까지,,면동초등학교,초등학교
중랑경찰서,35,면목초등학교,면목로 / (12m) ※휀스없는 부분,12.0,어린이승하차,여기로부터 후방 12m 까지,,면목초등학교,초등학교
중랑경찰서,36,묵동초등학교,동일로140길 / (12m),12.0,어린이승하차,여기로부터 후방 12m 까지,,묵동초등학교,초등학교
중랑경찰서,37,묵현초등학교,동일로157길 70 / (12m),12.0,어린이승하차,여기로부터 후방 12m 까지,서울교회 앞,묵현초등학교,초등학교
중랑경찰서,38,봉화초등학교,신내로15길 110 / (18m),18.0,어린이승하차,여기로부터 후방 18m 까지,휀스 일부 철거 필요,봉화초등학교,초등학교
중랑경찰서,39,상봉초등학교,동일로126가길 11/ (12m),12.0,통학버스승하차,여기로부터 후방 12m 까지,통학차량 1대,상봉초등학교,초등학교
중랑경찰서,40,새솔초등학교,신내역로1길 164 / (18m),18.0,어린이승하차,여기로부터 후방 18m 까지,회차지점,새솔초등학교,초등학교
중랑경찰서,41,신내초등학교,용마산로125나길 22 / (18m),18.0,어린이승하차,여기로부터 후방 18m 까지,,신내초등학교,초등학교
중랑경찰서,42,중랑초등학교,동일로101길 63 / (12m),12.0,어린이승하차,여기로부터 후방 12m 까지,,중랑초등학교,초등학교
중랑경찰서,43,중화초등학교,신내로7가길 22 / (12m),12.0,어린이승하차,여기로부터 후방 12m 까지,,중화초등학교,초등학교
강남경찰서,45,봉은초,학동로610(12m),12.0,어린이 승하차,여기로부터 후방 12m 까지,"차도 막다른 곳 現 주·정차 이용실태 고려 교통안전시설(횡단보도, 정차금지대)저촉 - 시설재조정 검토 필요",봉은초,기타
강남경찰서,46,한별어린이집,봉은사로82길23(6m),6.0,어린이 승하차,여기로부터 후방 6m 까지,일방통행 도로 맞은편 삼성아셈@ 지하주차장 출입구 위치 어린이집 주차장(2면) 전면 이중주차 고려,한별어린이집,어린이집
강남경찰서,47,청수어린이집,압구정로79길26(12m),12.0,어린이 승하차,여기로부터 후방 12m 까지,청담주민·문화센터 내 입지 주차(지상·지하) 총 15대 주차 수요>공급 주차장 전면 이중주차 고려,청수어린이집,어린이집
강남경찰서,48,삼성어린이집,영동대로122길(6m),6.0,어린이 승하차,여기로부터 후방 6m 까지,어린이집 내 주차공간 (약 1대) 확보 해당 구간 막다른 길,삼성어린이집,어린이집
강남경찰서,49,압구정어린이집,언주로157길8(6m),6.0,어린이 승하차,여기로부터 후방 6m 까지,어린이집 내 주차공간 (약 2대) 확보 인접 공원·주차장 출입구 고려 차로구분없는 이면도로(양방통행),압구정어린이집,어린이집
강남경찰서,50,바롬어린이집,언주로164길36(6m),6.0,어린이 승하차,여기로부터 후방 6m 까지,차로구분없는 이면도로(양방통행),바롬어린이집,어린이집
관악경찰서,51,서울구암 초등학교,구암5길 /(2지점),,어린이 승하차,여기로부터 후방 6m까지 (2개),사진 참조,서울구암 초등학교,초등학교
관악경찰서,52,서울당곡 초등학교 병설유치원,봉천로 13길 (12M),,어린이 승하차,여기로부터 후방 12m 까지,,서울당곡 초등학교 병설유치원,초등학교
관악경찰서,53,봉천초등학교,행운 1라길 /6m,,어린이 승하차,여기로 부터 후방 12m 까지,허용시간 검토 필요,봉천초등학교,초등학교
관악경찰서,54,서울봉현 초등학교,관악구 성현로 117 (12m),12.0,어린이 승하차,여기로 부터 후방 12m 까지,횡단보도와 의 이격필요,서울봉현 초등학교,초등학교
관악경찰서,55,새싹유치원,남현2길 /(18m),18.0,어린이 승하차,여기로 부터 후방 18m 까지,,새싹유치원,유치원
관악경찰서,56,서울신봉 초등학교,양녕로 6나길 1 / (12m),12.0,어린이 승하차,여기로 부터 후방 12m 까지,신봉아파트 주차장 들어 가는 입구 건너편,서울신봉 초등학교,초등학교
관악경찰서,57,서울신성 초등학교,신림로 114/ (12m),12.0,어린이 승하차,여기로부터 후방 12m 까지,,서울신성 초등학교,초등학교
관악경찰서,58,애동유치원,법원단지 길56 / (12m),12.0,어린이 승하차,여기로부터 후방 12m 까지,,애동유치원,유치원
관악경찰서,59,서울원당 초등학교 및 (병설유치 원),봉천로 505 / (6m),6.0,어린이 승하차,여기로부터 후방 6m 까지,1안 정문옆 일방 통행로,서울원당 초등학교 및,초등학교
관악경찰서,60,서울원신 초등학교,광신길 177 / (12m),12.0,어린이 승하차,여기로부터 후방 12m 까지,,서울원신 초등학교,초등학교
관악경찰서,61,서 울 인 헌 초 등 학교,낙성대로3 길 5 (12~18m),,어린이 승하차,여기로부터 후방 18m까지,등교시 하교시,서 울 인 헌 초 등 학교,기타
관악경찰서,62,청룡초,관악로5길 61 /(12m),12.0,어린이 승하차,여기로부터 후방 12m 까지,,청룡초,기타
관악경찰서,63,서울청 림유치 원,청림5길 22 / (12m),12.0,어린이 승하차,여기로부터 후방12m 까지,,서울청 림유치 원,기타
강서경찰서,64,내발산초등학교,우장산로4길83 / (12m),12.0,어린이승하차,여기로부터 후방 12m 까지,경찰서 및 구청 검토결과 : 교차로 모퉁이 제외한 구간내 설치가능,내발산초등학교,초등학교
강서경찰서,65,삼정초등학교,금낭화로 232 / (10m),10.0,어린이승하차,여기로부터 후방 10m 까지,-,삼정초등학교,초등학교
강서경찰서,66,우장초등학교,화곡로 263 / (12m),12.0,어린이승하차,여기로부터 후방 12m 까지,경찰서 및 구청 검토결과 : 18m를 요청하였으나 우회전포켓구간 으로 테이퍼 제외한 약 12m 구간으로 검토,우장초등학교,초등학교
강서경찰서,67,유석초등학교,화곡로 403 / (18m),18.0,어린이승하차,여기로부터 후방 18m 까지,"경찰서 및 구청 검토결과 : 어린이보호구역 외 구간, 중앙선 조정 필요",유석초등학교,초등학교
강서경찰서,68,정곡초등학교,방화대로 50길 16 / (18m),18.0,어린이승하차,여기로부터 후방 18m 까지,경찰서 및 구청 검토결과 : 중앙선 조정 필요,정곡초등학교,초등학교
강서경찰서,70,대유유치원,곰달래로57길39 / (10m),10.0,어린이승하차,여기로부터 후방 10m 까지,경찰서 및 구청 검토결과 : 18m를 요청하였으나 현장확인결과 유치원 담벼락구간인 약 10m 구간으로 검토,대유유치원,유치원
강서경찰서,71,서울마곡유치원,마곡서1로 139-13 / (18m),18.0,어린이승하차,여기로부터 후방 18m 까지,경찰서 및 구청 검토결과 : 중앙선 조정 필요,서울마곡유치원,유치원
강서경찰서,74,구립앰벨리큰나 무어린이집,마곡중앙8로1길10 / (12m),12.0,어린이승하차,여기로부터 후방 12m 까지,출입구구간 제외한 구간에 지정 요청,구립앰벨리큰나 무어린이집,어린이집
강서경찰서,75,프란치스코어린 이집,송정로1길13 / (16m),16.0,어린이승하차,여기로부터 후방 16m 까지,1지점 선정 2지점 제외,프란치스코어린 이집,기타
구로경찰서,77,고척초등학교,고척동128-2(고척초정문) / (18m),18.0,어린이승하차,여기로부터 후방 18m 까지,여기로부터 후방 18m 까지,고척초등학교,초등학교
구로경찰서,78,오류남초등학교,오류동194-11(오류남초 후문) / (18m),18.0,어린이승하차,여기로부터 후방 18m 까지,여기로부터 후방 18m 까지,오류남초등학교,초등학교
구로경찰서,80,푸른동산유치원,서해안로 2201 앞 / (18m),18.0,어린이승하차,여기로부터 후방 18m 까지,여기로부터 후방 18m 까지,푸른동산유치원,유치원
구로경찰서,81,구일초등학교,구일로 68 앞 / (18m),18.0,어린이승하차,여기로부터 후방 18m 까지,여기로부터 후방 18m 까지,구일초등학교,초등학교
구로경찰서,82,사랑유치원,구로중앙로40길/ (10m),10.0,통학버스 승하차,여기로부터 후방 10m 까지,여기로부터 후방 10m 까지,사랑유치원,유치원
구로경찰서,83,꿀벌유치원,디지털로27다길 15 / (6m),6.0,통학버스 승하차,여기로부터 후방 6m 까지,여기로부터 후방 6m 까지,꿀벌유치원,유치원
구로경찰서,84,나비유치원,고척로 30 / (18m),18.0,어린이승하차,여기로부터 후방 18m 까지,여기로부터 후방 18m 까지,나비유치원,유치원
구로경찰서,85,서울매봉초등학교 병설유치원,고척로 21라길 / (15m),15.0,어린이승하차,여기로부터 후방 15m 까지,여기로부터 후방 15m 까지,서울매봉초등학교 병설유치원,초등학교
구로경찰서,86,항동어린이집,연동로 284 앞 / (18m),18.0,어린이승하차,여기로부터 후방 18m 까지,여기로부터 후방 18m 까지,항동어린이집,어린이집
구로경찰서,87,궁동어린이집,오리로1길 48 / (18m),18.0,어린이승하차,여기로부터 후방 18m 까지,여기로부터 후방 18m 까지,궁동어린이집,어린이집
구로경찰서,88,샛별어린이집,구로중앙로32길18 / (15m),15.0,어린이승하차,여기로부터 후방 15m 까지,여기로부터 후방 15m 까지,샛별어린이집,어린이집
구로경찰서,89,구로삼성어린이집,가마산로 174 / (18m),18.0,어린이승하차,여기로부터 후방 18m 까지,여기로부터 후방 18m 까지,구로삼성어린이집,어린이집
구로경찰서,90,광진선교어린이집,개봉로3길 87 / (18m),18.0,어린이승하차,여기로부터 후방 18m 까지,여기로부터 후방 18m 까지,광진선교어린이집,어린이집
구로경찰서,91,천왕초등학교,천왕로1길 / (25m),25.0,어린이승하차,여기로부터 후방 25m 까지,여기로부터 후방 25m 까지,천왕초등학교,초등학교
서초경찰서,92,교대부속초교 (어린이수 : 618명),서초중앙로96 서측 (서초중앙로남→북방향),,제한시속50km의 편도3~4차로,,,교대부속초교,초교
서초경찰서,94,서일초교 (어린이수 : 547명),서초동1436-8 동측 (효령로68길서→동방향),,중앙선 없는 차도,,,서일초교,초교
서초경찰서,95,"서초초교 (어린이수 : 1,004명)",서운로178 남측 (강남대로61길동→서방향),,편도2차로 차도,,,서초초교,초교
서초경찰서,97,양재초교 (어린이수 : 591명),양재동101 북측 (바우뫼로 서→동 방향),,편도2차로차도,,,양재초교,초교
서초경찰서,98,"우면초교 (어린이수 : 1,337명)",태봉로59 남측 (태봉로 동→서 방향),,"제한시속50km의 편도3차로차도이며, 자전거전용차로 있는상황",,,우면초교,초교
서초경찰서,99,우암초교 (어린이수 : 312명),우면동58 서측 (바우뫼로7길 남→북 방향),,편도1차로차도,,,우암초교,초교
서초경찰서,100,"원촌초교 (어린이수 : 1,296명)",사평대로45길26 남측 (사평대로45길동→서 방향),,편도1차로 차도,,,원촌초교,초교
서초경찰서,101,구룡유치원 (어린이수 : 83명),양재동399-1 남측 (논현로1길동→서방향),,중앙선 없는 차도,,,구룡유치원,유치원
서초경찰서,102,서초유치원 (어린이수 : 265명),우면동769 북측 (양재대로2길서→동방향),,편도1차로 차도,,,서초유치원,유치원
서초경찰서,103,석문유치원 (어린이수 : 101명),서초대로64길73 서측 (서초대로64길남→북 방향),,중앙선 없는 차도,,,석문유치원,유치원
서초경찰서,104,어진유치원 (어린이수 : 77명),우면동731 남측 (태봉로2길동→서방향),,안전지대 설치된 편도1차로 차도,,,어진유치원,유치원
서초경찰서,105,청계숲유치원 (어린이수 : 104명),신원동247 서측 (청계산로11길남→북 방향),,편도1차로 차도,,,청계숲유치원,유치원
서초경찰서,106,하나유치원 (어린이수 : 158명),잠원동56-3 남측 (잠원로8길동→서방향),,편도1차로 차도,,,하나유치원,유치원
서초경찰서,107,반포종합사회복지관 사랑의 어린이집 (어린이수 : 84명),잠원동60-5 서측 (신반포로33길남→북 방향),,편도2차로 차도,,,반포종합사회복지관 사랑의 어린이집,어린이집
방배경찰서,108,계성 초등학교,신반포로19길 23 / (12m),12.0,어린이 승하차,여기로부터 후방 12m 까지,여기로부터 후방 12m 까지,계성 초등학교,초등학교
방배경찰서,109,방일 초등학교,방배로18길 52 / (12m),12.0,어린이 승하차,여기로부터 후방 12m 까지,※ 어린이보호구역 내 어린이승하차 허 용장소·구간은 여건 에따라변경가능,방일 초등학교,초등학교
방배경찰서,110,잠원 초등학교,신반포로16길 15-25/(18m),18.0,어린이 승하차,여기로부터 후방 18m 까지,,잠원 초등학교,초등학교
방배경찰서,111,덜위치칼리지서 울영국학교,신반포로15길 6 / (12m),12.0,통학버스 승하차,여기로부터 후방 12m 까지,,덜위치칼리지서 울영국학교,기타
방배경찰서,112,서울프랑스학교,서래로 7/(12m) / (12m),12.0,통학버스 승하차,여기로부터 후방 12m 까지,,서울프랑스학교,기타
은평경찰서,113,은진초등학교,은평구 진관1로 21-20 / (12m),12.0,어린이승하차,여기로부터 후방 12m 까지 허용시간 08:00~20:00,3분이내,은진초등학교,초등학교
은평경찰서,114,진관어린이집,은평구 진관1로 48 / (10m),10.0,어린이승하차,여기로부터 후방 10m까지 08:00~20:00,3분이내,진관어린이집,어린이집
도봉경찰서,115,방학초등학교,도당로13다길 / (18m) 도당로9길 34 / (12m) 2개소,18.0,어린이승하차 통학버스 승하차,여기로부터 후방 18m 까지 여기로부터 후방 12m 가지,지주 신설 전신주 부착 (방학초 서문),방학초등학교,초등학교
도봉경찰서,116,누원초등학교,도봉동 645-1 / (전방 18m),,어린이승하차,여기로부터 전방 18m 까지,지주 신설,누원초등학교,초등학교
도봉경찰서,118,도봉초교,도봉로173길 96 / (18m),18.0,어린이승하차,여기로부터 후방 18m 까지,표지신설,도봉초교,초교
도봉경찰서,119,쌍문1동 어린이집,노해로 149-5 / (전방 18m),,어린이승하차,여기로부터 전방 18m 까지,가로등 설치 불법주정차CCTV (쌍문1S320) -10분 이내 정차가능(어린이 집에서 구청 협의 완료),쌍문1동 어린이집,어린이집
도봉경찰서,120,학마을어린이집,도봉로145길 95 / (12m),12.0,어린이승하차,여기로부터 후방 12m 까지,전신주 부착,학마을어린이집,어린이집
도봉경찰서,121,창3동어린이집,덕릉로62길 57-7 / (10m),10.0,어린이승하차,여기로부터 후방 10m 까지,지주 신설,창3동어린이집,어린이집
도봉경찰서,122,새샘어린이집,도봉로104길 49-28 / (12m),12.0,어린이승하차,여기로부터 후방 12m 까지,지주 신설,새샘어린이집,어린이집
도봉경찰서,123,유화유치원,시루봉로 101 / (전방 12m),,통학버스 승하차,여기로부터 전방 12m 까지,기존 지주 부착,유화유치원,유치원
도봉경찰서,124,사랑유치원,마들로 620 / (15m),15.0,어린이승하차,여기로부터 후방 15m 까지,가로등 부착,사랑유치원,유치원
도봉경찰서,125,청아유치원,노해로 69가길 11 / (12m),12.0,어린이승하차,여기로부터 후방 12m 까지,가로등 지주 부착,청아유치원,유치원
도봉경찰서,126,산들어린이집 해피둥지어린이집,덕릉로62길 36 / (30m),30.0,어린이승하차,여기로부터 후방 30m 까지,2개소 인접 전신주 부착 불법주정차CCTV (창3S433),산들어린이집 해피둥지어린이집,어린이집
도봉경찰서,127,한내 어린이집,마들로13길 252 / (18m),18.0,어린이승하차,여기로부터 후방 18m 까지,지주신설,한내 어린이집,어린이집
도봉경찰서,128,한별유치원,덕릉로59아길 17 / (20m),20.0,어린이승하차,여기로부터 후방 20m 까지,전신주 부착,한별유치원,유치원
수서경찰서,129,왕북초등학교,광평로31길,,통학버스승하차,여기로부터 후방 12m 까지,,왕북초등학교,초등학교
수서경찰서,130,구룡초등학교,개포로263,,어린이승하차,여기로부터 후방 10m 까지,여기로부터 후방 10m 까지,구룡초등학교,초등학교
수서경찰서,131,대현초등학교,역삼로 96길 16,,어린이승하차,여기로부터 후방 18M까지 (후문 전봇대부터 후방 18m),여기로부터 후방 18m 까지,대현초등학교,초등학교
수서경찰서,133,율현초등학교,밤고개로21길 15 / (12m),12.0,어린이승하차,여기로부터 후방 12m 까지,여기로부터 후방 12m 까지,율현초등학교,초등학교
수서경찰서,134,도성초등학교,역삼로 315 / (m),,어린이승하차,여기로부터 후방 12m 까지,여기로부터 후방 12m 까지,도성초등학교,초등학교
수서경찰서,136,리라유치원,19길 15 / (18m),18.0,어린이승하차,여기로부터 후방 18m 까지,여기로부터 후방 18m 까지,리라유치원,유치원
수서경찰서,137,푸른유치원,일원로14길 25 / (12m),12.0,어린이승하차,여기로부터 후방 12m 까지,여기로부터 후방 12m 까지,푸른유치원,유치원
수서경찰서,138,묘동유치원,역삼로 306 / (12m),12.0,어린이승하차,여기로부터 후방 12m 까지,여기로부터 후방 12m 까지,묘동유치원,유치원
수서경찰서,139,소망유치원,광평로56길 11(12m),12.0,어린이승하차,여기로부터 후방 12m 까지,여기로부터 후방 12m 까지,소망유치원,유치원
수서경찰서,140,반디유치원,서울 강남구 광평로 47길 17 / (12m),12.0,어린이 통학버스승하차 / 어린이승하차,여기로부터 후방 12m 까지,여기로부터 후방12m 까지,반디유치원,유치원
수서경찰서,141,오즈의마법사유 치원,헌릉로618길 14 / (24m),24.0,어린이승하차,여기로부터 후방 18m 까지,여기로부터 후방 18m 까지,오즈의마법사유 치원,기타
양천경찰서,142,월촌초등학교,목동중앙로 132 /(6m),6.0,여기로부터 후방 6m 까지,,,월촌초등학교,초등학교
양천경찰서,143,양강초등학교,오목로 101 /(6m),6.0,여기로부터 후방 6m 까지,,,양강초등학교,초등학교
양천경찰서,144,지향초등학교,신정로7길 70/(6m),6.0,여기로부터 후방 6m 까지,,,지향초등학교,초등학교
양천경찰서,145,강서초등학교,월정로 5길/(6m),6.0,여기로부터 후방 6m 까지,,,강서초등학교,초등학교
양천경찰서,146,서울신정유치원,신정로7길 81-4/(6m),6.0,여기로부터 후방 6m 까지,,,서울신정유치원,유치원
양천경찰서,147,신기초등학교,신정로 292/(6m),6.0,여기로부터 후방 6m 까지,,,신기초등학교,초등학교
양천경찰서,148,강신초등학교,월정로 280/(6m),6.0,여기로부터 후방 6m 까지,,,강신초등학교,초등학교
양천경찰서,149,계남초등학교,목동동로4길 54/(6m),6.0,여기로부터 후방 6m 까지,,,계남초등학교,초등학교
양천경찰서,151,정목초등학교,목동중앙본로 5길 71/(6m),6.0,여기로부터 후방 6m 까지,,,정목초등학교,초등학교
광진경찰서,152,광장초등학교,광장로1길 10 서측 맞은 편 / (12m),12.0,어린이승하차,구간시작 12m,,광장초등학교,초등학교
광진경찰서,153,구남초등학교,"구의강변로 64 앞, 맞은 편 / (12m*2)",,어린이승하차,구간시작 12m,,구남초등학교,초등학교
광진경찰서,154,동자초등학교,아차산로36길 39 서측 / (12m),12.0,어린이승하차,구간시작 12m,,동자초등학교,초등학교
광진경찰서,155,신자초등학교,뚝섬로46길 75 서측 맞은편 / (12m),12.0,어린이승하차,구간시작 12m,,신자초등학교,초등학교
광진경찰서,156,성동초등학교,"자양로4길 63 남측 / (18m), 자양로4길 63 동측 / (42m)",18.0,어린이승하차,"구간시작 18m, 구간시작 42m",,성동초등학교,초등학교
광진경찰서,157,광남초등학교,"아차산로70길 35 서측 / (12m), 아차산로70길 35 서측 맞은편 / (12m)",12.0,어린이승하차,구간시작 12m * 2,,광남초등학교,초등학교
광진경찰서,158,중광초등학교,아차산로70길 35 동측 / (12m),12.0,어린이승하차,구간시작 12m,,중광초등학교,초등학교
광진경찰서,159,인애유치원,능동로4길 13 서측 / (12m),12.0,어린이승하차,구간시작 12m,,인애유치원,유치원
광진경찰서,160,영화유치원,영화사로16길 43 북측 맞은편 / (12m),12.0,어린이승하차,구간시작 12m,,영화유치원,유치원
광진경찰서,161,한일유치원,뚝섬로35길 16-20 북측 / (12m),12.0,어린이승하차,구간시작 12m,,한일유치원,유치원
광진경찰서,162,수정어린이집,천호대로102길 41 서측 / (6m),6.0,어린이승하차,구간시작 6m,,수정어린이집,어린이집
광진경찰서,163,능동꿈맞이 어린이집,천호대로120길 32 동측 / (12m),12.0,어린이승하차,구간시작 12m,,능동꿈맞이 어린이집,어린이집
광진경찰서,164,우리아이 어린이집,구의로4길 21 남측 / (6m),6.0,어린이승하차,구간시작 6m,,우리아이 어린이집,어린이집
강북경찰서,165,우이초등학교,삼양로99길 36 (12m),12.0,어린이승하차,여기로부터 후방 12m 까지 허용시간 08:00~09:00 / 12:00~15:00,"등하교 등교(08:00~09:00), 하교(12:00~15:00)",우이초등학교,초등학교
강북경찰서,166,번동초등학교,오현로 204 (12m),12.0,어린이승하차,여기로부터 후방 12m 까지 허용시간 08:00~09:00 / 12:00~15:00,"등하교 등교(08:00~09:00), 하교(12:00~15:00)",번동초등학교,초등학교
강북경찰서,167,화계유치원,덕릉로 49 (12m),12.0,어린이승하차,여기로부터 후방 12m 까지 허용시간 08:00~09:00 / 17:00~19:00,등하교 등교(08:00~10:00) 하교(17:00~19:00),화계유치원,유치원
강북경찰서,168,꿈동산유치원,한천로115길 15(12m),12.0,어린이승하차,여기로부터 후방 12m 까지 허용시간 08:00~10:00 / 15:00~17:00,등하교 등교(08:00~10:00) 하교(15:00~17:00),꿈동산유치원,유치원
강북경찰서,169,자연어린이집,오현로28길 11 (12m),12.0,어린이승하차,여기로부터 후방 12m 까지 허용시간 08:00~10:00 / 17:00~19:00,등하교 등교(08:00~10:00) 하교(17:00~19:00),자연어린이집,어린이집
강북경찰서,170,솔밭어린이집,삼양로149길 12 (12m),12.0,어린이승하차,여기로부터 후방 12m 까지 허용시간 08:00~10:00 / 15:00~17:00,등하교 등교(08:00~10:00) 하교(15:00~17:00),솔밭어린이집,어린이집
강북경찰서,171,꼬꼬마어린이집,한천로109가길 14(12m),12.0,어린이승하차,여기로부터 후방 12m 까지 허용시간 08:00~10:00 / 15:00~17:00,등학교 등교(08:00~10:00) 하교(15:00~17:00),꼬꼬마어린이집,어린이집
강북경찰서,172,예원어린이집,오현로9길 27 (12m),12.0,어린이승하차,여기로부터 후방 12m 까지 허용시간 08:00~10:00 / 15:00~17:00,등하교 등교(08:00~10:00) 하교(15:00~17:00),예원어린이집,어린이집
강북경찰서,173,효정학교,삼양로63길 33(12m),12.0,어린이승하차,여기로부터 후방 12m 까지 허용시간 08:00~10:00 / 14:00~17:00,"등하교 등교(08:00~10:00), 하교(14:00~17:00)",효정학교,기타
용산경찰서,174,후암초등학교,용산구 두텁바위로 148 / (10m),10.0,어린이승하차,여기로부터 전방 18m까지,,후암초등학교,초등학교
용산경찰서,175,삼광초등학교,두텁바위로 1 나길 19(학교정문 앞) / (12m),12.0,어린이승하차,여기로부터 후방 18m까지,,삼광초등학교,초등학교
용산경찰서,176,서울용산초등학 교,한강로2가 / (18m),18.0,어린이 승하차,여기로부터 후방 18m 까지,,서울용산초등학 교,기타
용산경찰서,177,원효초등학교,효창원로13길 38 / (12m),12.0,어린이승하차,여기로부터 후방 12m 까지,※ 표지판 위치 -학교 정문 앞 전봇대 옆,원효초등학교,초등학교
용산경찰서,178,충신유치원,이촌로71길 14(10m),10.0,어린이 승하차,여기로부터 후방 18m 까지,,충신유치원,유치원
용산경찰서,180,대건유치원,이촌로81길 38 / (18m),18.0,어린이승하차,여기(철탑)로부 터 후방 18m 까지,,대건유치원,유치원
용산경찰서,181,동빙고어린이집,14길 7 / (12m),12.0,어린이승하차,여기로부터 후방 12m 까지,,동빙고어린이집,어린이집
