대상시설명,자치구,순위,우선순위점수,특수학생,학생수,사고_300,단속,공회전제한,승하차존
갈현초등,은평구,1,11.01690785081209,12.0,659.0,14.0,751.0,False,False
장평초교,동대문구,2,7.252071831873275,13.0,969.0,6.0,1111.0,True,False
신상도초등학교,동작구,3,7.086818453502246,14.0,1169.0,5.0,284.0,False,False
가재울초등학교,서대문구,4,7.000775232456733,15.0,1491.0,3.0,190.0,False,False
신정초등학교,강서구,5,6.7006912106704934,19.0,953.0,8.0,221.0,True,False
도곡초등학교,강남구,6,6.504923687632328,8.0,786.0,14.0,130.0,True,False
월정초등학교,강서구,7,6.144721069514995,14.0,700.0,11.0,160.0,True,False
개봉초등학교,구로구,8,6.083154524475033,8.0,807.0,9.0,97.0,False,False
을지초등학교,노원구,9,6.077096847650765,0.0,1365.0,9.0,102.0,False,False
광희초등학교,중구,10,6.012245719286316,0.0,247.0,0.0,3263.0,True,True
매동초등학교,종로구,11,5.9616984960182355,6.0,178.0,3.0,1758.0,False,False
은명초등,은평구,12,5.818015909272802,13.0,940.0,4.0,329.0,False,False
중계초등학교,노원구,13,5.464799770967459,6.0,685.0,3.0,1105.0,False,False
화곡초등학교,강서구,14,5.454047048747999,14.0,445.0,11.0,188.0,True,False
항동초등학교,구로구,15,5.398884209952192,18.0,1405.0,0.0,30.0,False,False
서울중화초등학교,중랑구,16,5.333197277744275,11.0,876.0,6.0,58.0,False,True
화일초등학교,강서구,17,5.2763903360684274,12.0,565.0,11.0,152.0,True,False
숭덕초등학교,성북구,18,5.190285487773311,14.0,877.0,8.0,157.0,True,False
언북초등학교,강남구,19,5.14350494947532,12.0,1273.0,6.0,210.0,True,False
목운초교,양천구,20,5.091189544463115,8.0,1585.0,3.0,639.0,True,False
대동초등학교,영등포구,21,5.046584170500768,8.0,342.0,0.0,2311.0,True,False
응암초등,은평구,22,4.902292860677715,20.0,741.0,0.0,381.0,False,False
신용산초교,용산구,23,4.733313597248817,9.0,1293.0,3.0,72.0,False,False
동자초등학교,광진구,24,4.684213934829109,2.0,946.0,8.0,86.0,False,True
신양초등학교,광진구,25,4.6757283496332,9.0,419.0,8.0,115.0,False,False
위례별초등학교,송파구,26,4.5946028473804414,23.0,1474.0,0.0,30.0,True,False
은천초등학교,관악구,27,4.585932614048094,22.0,689.0,3.0,387.0,True,False
서울면일초등학교,중랑구,28,4.2939111535677466,17.0,507.0,3.0,147.0,False,False
도성초등학교,강남구,29,3.8912383064631997,3.0,1559.0,6.0,151.0,True,True
보라매초등학교,동작구,30,3.879377649556096,13.0,1086.0,0.0,200.0,False,False
언주초등학교,강남구,31,3.7482105720303163,13.0,1198.0,3.0,243.0,True,False
오류초등학교,구로구,32,3.7308278287575165,10.0,538.0,3.0,419.0,False,False
역촌초등,은평구,33,3.5677339805800745,0.0,930.0,6.0,199.0,False,False
정덕초등학교,성북구,34,3.543360406260588,14.0,708.0,6.0,112.0,True,False
남산초등학교,중구,35,3.4786804679093986,6.0,185.0,0.0,2101.0,True,False
북가좌초등학교,서대문구,36,3.4655660564927673,12.0,872.0,6.0,65.0,True,False
중평초등학교,노원구,37,3.3671005439582666,4.0,1135.0,3.0,134.0,False,False
염리초교,마포구,38,3.333532633483786,10.0,1295.0,0.0,697.0,True,False
상도초등학교,동작구,39,3.291053150371595,11.0,671.0,3.0,80.0,False,False
서울중랑초등학교,중랑구,40,3.281372394135814,12.0,470.0,3.0,204.0,False,True
대림초등학교,동작구,41,3.2179318038306857,12.0,783.0,0.0,353.0,False,False
독산초등학교,금천구,42,3.199705577810897,15.0,421.0,0.0,1162.0,True,False
신도림초등학교,구로구,43,3.1971283259851484,12.0,1048.0,0.0,88.0,False,False
쌍문,도봉구,44,3.159492453733519,11.0,480.0,8.0,102.0,True,False
답십리초교,동대문구,45,3.1563030309334272,6.0,782.0,0.0,1416.0,True,True
신구로초등학교,구로구,46,3.1355625096769795,9.0,389.0,3.0,443.0,False,False
서울면동초등학교,중랑구,47,3.090844986603968,13.0,921.0,0.0,109.0,False,True
행당초등학교,성동구,48,3.075222741779369,11.0,654.0,4.0,538.0,True,False
홍제초등학교,서대문구,49,3.0414843289887825,14.0,707.0,0.0,233.0,False,False
경동초등학교,성동구,50,3.0303656354608663,11.0,645.0,0.0,1165.0,True,False
난우초등학교,관악구,51,2.98785530341553,12.0,502.0,7.0,115.0,True,False
연가초등학교,서대문구,52,2.93888532384357,17.0,1340.0,0.0,45.0,True,False
금화초등학교,서대문구,53,2.926196053824207,10.0,402.0,0.0,769.0,False,False
공연초등학교,노원구,54,2.895626074520203,11.0,364.0,3.0,253.0,False,False
안평초교,동대문구,55,2.8775639142632827,10.0,864.0,4.0,339.0,True,False
은로초등학교,동작구,56,2.8754787597901235,7.0,881.0,3.0,18.0,False,False
공진초등학교,강서구,57,2.8417948133718576,10.0,1354.0,3.0,8.0,True,False
신목초교,양천구,58,2.822310337505531,15.0,858.0,3.0,141.0,True,False
대명초등학교,강동구,59,2.7944076150027923,5.0,701.0,9.0,25.0,True,False
서울신현초등학교,중랑구,60,2.7887220524694056,4.0,349.0,7.0,83.0,False,False
남성초등학교,동작구,61,2.7886130505548916,13.0,384.0,0.0,536.0,False,False
구암초등학교,관악구,62,2.782639882115247,11.0,1185.0,3.0,85.0,True,True
영일초등학교,구로구,63,2.777196682025843,9.0,248.0,3.0,466.0,False,False
대조초등,은평구,64,2.759012436436681,15.0,591.0,0.0,187.0,False,False
청구초등학교,중구,65,2.742593970996889,8.0,366.0,5.0,761.0,True,False
대영초등학교,영등포구,66,2.739785686965429,12.0,928.0,3.0,253.0,True,False
구산초등,은평구,67,2.72275866600683,15.0,654.0,0.0,114.0,False,False
오류남초등학교,구로구,68,2.71630907905047,10.0,460.0,3.0,171.0,False,True
구일초등학교,구로구,69,2.7061098711549043,12.0,842.0,0.0,132.0,False,True
녹번초등,은평구,70,2.688831395789543,9.0,576.0,3.0,118.0,False,False
방배,서초구,71,2.617268409866925,14.0,843.0,3.0,159.0,True,False
성일초등학교,강동구,72,2.5709749318452397,8.0,763.0,6.0,161.0,True,False
서원,서초구,73,2.5656623215982113,12.0,1614.0,0.0,3.0,True,False
은평초등,은평구,74,2.552855131029121,13.0,755.0,0.0,99.0,False,False
장충초등학교,중구,75,2.5473252678959573,8.0,301.0,5.0,762.0,True,False
석관초등학교,성북구,76,2.541758881503436,6.0,553.0,7.0,336.0,True,False
서울묵현초등학교,중랑구,77,2.5233861428457978,10.0,405.0,3.0,163.0,False,True
운현초등학교(교동),종로구,78,2.511054466096966,0.0,0.0,0.0,1717.0,False,False
은빛초등,은평구,79,2.5034172593048876,19.0,396.0,0.0,20.0,False,False
숭신초등학교,성동구,80,2.482615823106154,11.0,743.0,0.0,226.0,False,False
고현초등학교,강동구,81,2.4436930294027617,7.0,1220.0,0.0,24.0,False,False
구현초등,은평구,82,2.4159328094980506,18.0,399.0,0.0,58.0,False,False
효제초등학교,종로구,83,2.412307902990533,4.0,160.0,0.0,1254.0,False,True
용마초등학교,광진구,84,2.3556295284036293,9.0,736.0,0.0,330.0,False,False
전농초교,동대문구,85,2.3145705360851445,7.0,1090.0,0.0,778.0,True,True
성산초교,마포구,86,2.2626612527221286,10.0,539.0,0.0,1092.0,True,False
서울송중초등학교,강북구,87,2.2588825028424955,13.0,548.0,3.0,401.0,True,False
봉천초등학교,관악구,88,2.258441873609583,12.0,519.0,3.0,498.0,True,True
금나래초등학교,금천구,89,2.208665819046556,11.0,763.0,0.0,119.0,False,False
길동초등학교,강동구,90,2.1618775071127563,13.0,513.0,4.0,246.0,True,False
탑동초등학교,금천구,91,2.1567766150568324,15.0,366.0,0.0,214.0,False,False
구의초등학교,광진구,92,2.14092585198619,16.0,443.0,0.0,65.0,False,False
공항초등학교,강서구,93,2.1371439616009806,16.0,1189.0,0.0,5.0,True,False
당서초등학교,영등포구,94,2.054552455179341,0.0,1151.0,4.0,485.0,True,False
내발산초등학교,강서구,95,1.9574962032257615,11.0,1071.0,0.0,407.0,True,True
강빛초등학교,강동구,96,1.946750392341298,5.0,1100.0,0.0,120.0,False,False
흥인초등학교,중구,97,1.9394993584181153,7.0,312.0,5.0,626.0,True,False
당중초등학교,영등포구,98,1.9132894682434691,11.0,534.0,3.0,442.0,True,False
영문초등학교,영등포구,99,1.8919949623245924,0.0,954.0,5.0,467.0,True,False
이문초교,동대문구,100,1.8869652192275477,13.0,922.0,0.0,392.0,True,False
삼광초교,용산구,101,1.8788656708955762,4.0,295.0,0.0,952.0,False,True
문래초등학교,영등포구,102,1.8710696766016466,10.0,901.0,0.0,614.0,True,False
동구로초등학교,구로구,103,1.8193864113453393,7.0,319.0,0.0,703.0,False,False
목동초교,양천구,104,1.8193343531359232,9.0,1326.0,0.0,252.0,True,False
시흥초등학교,금천구,105,1.8094903725729066,15.0,343.0,0.0,794.0,True,False
한성화교소학교,중구,106,1.8066236119764454,0.0,0.0,0.0,1492.0,False,False
증산초등,은평구,107,1.8031910835669165,6.0,587.0,3.0,31.0,False,False
군자초교,동대문구,108,1.7990900882458258,12.0,252.0,0.0,1086.0,True,False
중대부속초등학교,동작구,109,1.7913035619660467,0.0,0.0,8.0,222.0,False,False
미아초등학교,성북구,110,1.7843280084462783,8.0,1036.0,3.0,118.0,True,False
등마초등학교,강서구,111,1.7841170953724093,15.0,603.0,3.0,58.0,True,False
강서초교,양천구,112,1.7830616907278292,17.0,709.0,0.0,291.0,True,True
영풍초등학교,송파구,113,1.7741784893819919,12.0,546.0,3.0,317.0,True,False
서울중곡초등학교,중랑구,114,1.7534231302003083,10.0,625.0,0.0,177.0,False,False
중대초등학교,송파구,115,1.7474682273307707,5.0,963.0,3.0,384.0,True,False
잠일초등학교,송파구,116,1.7225407186253565,6.0,1498.0,0.0,260.0,True,False
영신초등학교,영등포구,117,1.7084318688908247,11.0,774.0,0.0,617.0,True,False
고일초등학교,강동구,118,1.6932434858829075,3.0,1887.0,0.0,78.0,True,False
강남초등학교,동작구,119,1.6597919819737545,11.0,616.0,0.0,87.0,False,False
서울우이초등학교,강북구,120,1.650476933854534,12.0,829.0,0.0,476.0,True,True
서울중목초등학교,중랑구,121,1.6372149923997594,7.0,343.0,3.0,147.0,False,False
송례초등학교,송파구,122,1.6100545158191624,13.0,1219.0,0.0,14.0,True,False
노원초등학교,노원구,123,1.604451946852511,12.0,199.0,0.0,407.0,False,False
영화초등학교,동작구,124,1.5871678809480172,9.0,292.0,3.0,43.0,False,False
영서초등학교,구로구,125,1.574675317897386,7.0,485.0,0.0,463.0,False,False
신월초등학교,강서구,126,1.5707183408435648,10.0,556.0,3.0,380.0,True,False
불암초등학교,노원구,127,1.5643524104889686,3.0,694.0,3.0,57.0,False,False
명덕초등학교,강동구,128,1.5628206445112487,7.0,1613.0,0.0,28.0,True,False
연신초등,은평구,129,1.5031183555627794,8.0,177.0,4.0,39.0,False,False
문현초등학교,송파구,130,1.476823650137356,11.0,670.0,3.0,170.0,True,False
이태원초교,용산구,131,1.4592631096075874,8.0,235.0,0.0,601.0,False,False
동명초등학교,성동구,132,1.4488302200362457,13.0,162.0,0.0,993.0,True,False
경수초등학교,성동구,133,1.4451953198455127,8.0,115.0,0.0,1382.0,True,False
정목초교,양천구,134,1.4363264790390082,7.0,694.0,4.0,251.0,True,True
천호초등학교,강동구,135,1.4214756629796996,13.0,527.0,3.0,154.0,True,False
숭미초교,도봉구,136,1.4129392595440962,12.0,487.0,4.0,101.0,True,False
남사초등학교,동작구,137,1.403227379032439,6.0,401.0,0.0,559.0,False,False
신남초교,양천구,138,1.3970776007308747,13.0,901.0,0.0,256.0,True,False
잠전초등학교,송파구,139,1.3765944386881142,12.0,426.0,3.0,307.0,True,False
길원초등학교,성북구,140,1.3622392582180014,12.0,1031.0,0.0,187.0,True,False
원광초등학교,노원구,141,1.3534834919155974,0.0,684.0,3.0,206.0,False,False
장안초등학교,광진구,142,1.3308898404341543,10.0,424.0,0.0,238.0,False,False
창신초등학교,종로구,143,1.3142102306388794,5.0,264.0,0.0,733.0,False,False
서초,서초구,144,1.3133763645714844,8.0,837.0,0.0,636.0,True,True
숭인초등학교,성북구,145,1.3075574884827472,9.0,723.0,3.0,202.0,True,False
광남초등학교,광진구,146,1.305424034308035,0.0,1160.0,0.0,201.0,False,True
수암초등학교,노원구,147,1.2922219559108927,5.0,441.0,3.0,79.0,False,False
서울번동초등학교,강북구,148,1.2920079054631062,5.0,366.0,7.0,188.0,True,True
신석초교,마포구,149,1.2895623234147062,11.0,503.0,3.0,273.0,True,True
고산초등학교,구로구,150,1.2863857782137536,6.0,334.0,0.0,587.0,False,False
독립문초등학교,종로구,151,1.281639151332282,4.0,405.0,0.0,654.0,False,False
서울원묵초등학교,중랑구,152,1.2744265776934305,7.0,840.0,0.0,21.0,False,False
선곡초등학교,노원구,153,1.27322421997583,8.0,531.0,0.0,253.0,False,False
방이초등학교,송파구,154,1.2692209433051018,9.0,499.0,4.0,250.0,True,False
둔촌초등학교,강동구,155,1.2506676711877618,0.0,1020.0,0.0,320.0,False,False
마장초등학교,성동구,156,1.2267162663383362,3.0,372.0,0.0,1406.0,True,False
혜화초등학교,종로구,157,1.2150627750097538,7.0,320.0,0.0,509.0,False,False
문정초등학교,송파구,158,1.1981826338703936,5.0,747.0,4.0,261.0,True,False
태랑초등학교,노원구,159,1.1972648782541495,7.0,786.0,0.0,49.0,False,False
양진초등학교,광진구,160,1.1961412285983055,0.0,1236.0,0.0,92.0,False,False
구로남초등학교,구로구,161,1.1847238430078866,9.0,337.0,0.0,345.0,False,False
성수초등학교,성동구,162,1.184722280550593,7.0,168.0,0.0,1316.0,True,False
신영초등학교,영등포구,163,1.1501371669836806,8.0,364.0,0.0,1045.0,True,False
태릉초등학교,노원구,164,1.1299091577568086,6.0,732.0,0.0,149.0,False,False
서울양원숲초등학교,중랑구,165,1.1197130218622333,6.0,822.0,0.0,58.0,False,False
서울사대부설초등학교,종로구,166,1.1053235616520156,0.0,0.0,0.0,1268.0,False,False
신상계초등학교,노원구,167,1.1016112195086172,12.0,343.0,0.0,106.0,False,False
대치초등학교,강남구,168,1.0898349923203938,0.0,1316.0,4.0,16.0,True,False
원촌,서초구,169,1.0723118766147797,12.0,1095.0,0.0,32.0,True,True
은진초등,은평구,170,1.0669930316869614,8.0,486.0,0.0,231.0,False,True
천일초등학교,강동구,171,1.054799570413638,6.0,306.0,6.0,260.0,True,False
문창초등학교,동작구,172,1.0224505223372753,10.0,325.0,0.0,236.0,False,False
서울새솔초등학교,중랑구,173,1.020348640583742,12.0,421.0,0.0,4.0,False,True
묘곡초등학교,강동구,174,1.0172602885269306,8.0,1259.0,0.0,130.0,True,False
대곡초등학교,강남구,175,1.0143634469931055,4.0,1174.0,3.0,13.0,True,False
금호초등학교,성동구,176,0.9998365659370938,11.0,508.0,0.0,650.0,True,False
잠원,서초구,177,0.9840178940979176,0.0,1924.0,0.0,22.0,True,True
청량초교,동대문구,178,0.9792027705024973,8.0,667.0,0.0,695.0,True,False
가락초등학교,송파구,179,0.9737346760688095,6.0,1146.0,0.0,364.0,True,False
계상초등학교,노원구,180,0.965199759013553,12.0,286.0,0.0,118.0,False,False
서빙고초교(병설유치원),용산구,181,0.9548102102565291,10.0,389.0,0.0,152.0,False,False
상경초등학교,노원구,182,0.9522219499843654,9.0,507.0,0.0,105.0,False,False
북성초등학교,서대문구,183,0.949623056328031,3.0,811.0,0.0,221.0,False,False
연촌초등학교,노원구,184,0.9424286460733993,7.0,403.0,0.0,341.0,False,False
강명초등학교,강동구,185,0.9400678426488853,11.0,412.0,0.0,56.0,False,False
대방초등학교,영등포구,186,0.9155348861593344,7.0,1244.0,0.0,181.0,True,False
영동초등학교,영등포구,187,0.9097879769628348,6.0,342.0,3.0,653.0,True,False
도신초등학교,영등포구,188,0.8751509993488222,6.0,185.0,3.0,795.0,True,True
두산초등학교,금천구,189,0.8746525248764434,12.0,542.0,0.0,508.0,True,False
진관초등,은평구,190,0.8685537880797176,9.0,496.0,0.0,89.0,False,False
상신초등,은평구,191,0.8618001092438856,10.0,497.0,0.0,17.0,False,False
인왕초등학교,서대문구,192,0.8544661918207088,5.0,537.0,0.0,320.0,False,False
서울망우초등학교,중랑구,193,0.8453394251826225,5.0,271.0,3.0,102.0,False,False
고척초등학교,구로구,194,0.8429695371816214,8.0,548.0,0.0,99.0,False,True
신도초등,은평구,195,0.8323164459449428,6.0,774.0,0.0,13.0,False,False
서울삼양초등학교,강북구,196,0.8296364748487162,12.0,454.0,3.0,105.0,True,False
재동초등학교,종로구,197,0.8005085103616996,0.0,134.0,0.0,1040.0,False,False
옥정초등학교,성동구,198,0.7953675747294013,8.0,576.0,0.0,725.0,True,False
명일초등학교,강동구,199,0.7717990697089188,13.0,810.0,0.0,145.0,True,False
위례솔초등학교,송파구,200,0.7698212232664956,6.0,1231.0,0.0,216.0,True,False
예일초등,은평구,201,0.7477243482897424,0.0,464.0,3.0,227.0,False,False
신길초등학교,동작구,202,0.7392498600765253,3.0,739.0,0.0,224.0,False,False
서울중흥초등학교,중랑구,203,0.7295235722196174,13.0,212.0,0.0,46.0,False,False
동의초등학교,광진구,204,0.7255456561287876,10.0,438.0,0.0,31.0,False,False
청운초등학교,종로구,205,0.6915727936666456,5.0,259.0,0.0,539.0,False,False
수색초등,은평구,206,0.678161759746863,5.0,709.0,0.0,96.0,False,False
개웅초등학교,구로구,207,0.6751364191341154,11.0,357.0,0.0,25.0,False,False
마천초등학교,송파구,208,0.6712777052930923,8.0,578.0,3.0,209.0,True,False
중광초등학교,광진구,209,0.6707505260287523,9.0,224.0,0.0,291.0,False,True
구로초등학교,구로구,210,0.6591259673357484,6.0,348.0,0.0,373.0,False,False
남부초등학교,관악구,211,0.6575022391880747,15.0,381.0,0.0,389.0,True,False
서래,서초구,212,0.6574603453523458,9.0,1131.0,0.0,71.0,True,False
대도초등학교,강남구,213,0.657343279054373,0.0,1818.0,0.0,21.0,True,False
신사초등,은평구,214,0.6559567164103721,12.0,277.0,0.0,28.0,False,False
숭례초등학교,성북구,215,0.6315089945708668,7.0,535.0,0.0,113.0,False,False
신성초등학교,관악구,216,0.6292473140228672,10.0,385.0,3.0,246.0,True,True
서울면목초등학교,중랑구,217,0.6108587708411941,7.0,479.0,0.0,161.0,False,True
서울봉화초등학교,중랑구,218,0.5972588426817511,11.0,352.0,0.0,5.0,False,True
송정초등학교,강서구,219,0.5864615682560861,12.0,544.0,0.0,414.0,True,False
영도초교,양천구,220,0.5843400738594402,0.0,1095.0,4.0,70.0,True,False
강솔초등학교,강동구,221,0.5563510158582078,7.0,615.0,0.0,11.0,False,False
장곡초등학교,성북구,222,0.5474802480501166,13.0,796.0,0.0,87.0,True,False
상천초등학교,노원구,223,0.5389698135122358,11.0,257.0,0.0,79.0,False,False
언남,서초구,224,0.5297617225290674,15.0,732.0,0.0,6.0,True,False
삼전초등학교,송파구,225,0.5276290258321852,15.0,480.0,0.0,251.0,True,False
거여초등학교,송파구,226,0.5228520060437276,14.0,586.0,0.0,215.0,True,False
구남초등학교,광진구,227,0.5225305399673578,0.0,644.0,0.0,454.0,False,True
용원초등학교,노원구,228,0.5099067000729142,7.0,409.0,0.0,197.0,False,False
신학초교,도봉구,229,0.4815882264252709,11.0,312.0,4.0,43.0,True,False
잠실초등학교,송파구,230,0.48147788007484627,8.0,1025.0,0.0,187.0,True,False
온수초등학교,구로구,231,0.46690161230451155,7.0,558.0,0.0,38.0,False,False
하늘초교,마포구,232,0.4621665885376691,8.0,294.0,0.0,225.0,False,True
위례초등학교,강동구,233,0.44415766322949124,0.0,1084.0,0.0,0.0,False,False
불광초등,은평구,234,0.4258273321118804,7.0,483.0,0.0,98.0,False,False
염창초등학교,강서구,235,0.42022568787337633,13.0,742.0,0.0,99.0,True,False
서울수송초등학교,강북구,236,0.39885664655611475,8.0,419.0,3.0,277.0,True,False
천동초등학교,강동구,237,0.3962792788948697,11.0,579.0,0.0,388.0,True,False
옥수초등학교,성동구,238,0.39390978154710177,6.0,476.0,0.0,832.0,True,False
동작초등학교,동작구,239,0.3851843373489272,8.0,477.0,0.0,22.0,False,False
홍은초등학교,서대문구,240,0.3841787158406582,11.0,311.0,3.0,171.0,True,False
광진초등학교,광진구,241,0.3705355099595209,5.0,480.0,0.0,221.0,False,False
신가초등학교,송파구,242,0.3694298875122146,5.0,536.0,4.0,202.0,True,False
강덕초등학교,강동구,243,0.36898576687904217,8.0,1102.0,0.0,76.0,True,False
서울수유초등학교(수유병설유치원 중복),강북구,244,0.3614915479696148,0.0,0.0,3.0,556.0,False,False
성동초등학교,광진구,245,0.3507195058290222,0.0,679.0,0.0,365.0,False,True
연광초등,은평구,246,0.33077367147650794,12.0,152.0,0.0,46.0,False,False
연은초등,은평구,247,0.3300214911668289,6.0,592.0,0.0,30.0,False,False
공덕초교,마포구,248,0.3214142658383925,12.0,650.0,0.0,226.0,True,False
여의도초등학교,영등포구,249,0.31803162486316183,11.0,818.0,0.0,130.0,True,False
문성초등학교,금천구,250,0.308986850183659,11.0,335.0,0.0,598.0,True,False
리라초등학교,중구,251,0.2974521806306769,0.0,500.0,0.0,1191.0,True,False
신미림초등학교,구로구,252,0.2923145977565833,0.0,745.0,0.0,282.0,False,False
일원초등학교,강남구,253,0.2778046613370424,6.0,1277.0,0.0,14.0,True,False
상수초등학교,노원구,254,0.2729073359993033,0.0,394.0,0.0,618.0,False,False
서울영훈초등학교,강북구,255,0.2617199046210028,0.0,676.0,0.0,1008.0,True,False
수락초등학교,노원구,256,0.25189197534943886,9.0,375.0,0.0,10.0,False,False
세검정초등학교,종로구,257,0.24177305356391088,4.0,610.0,0.0,122.0,False,False
숭곡초등학교,성북구,258,0.22336919309676984,11.0,628.0,0.0,285.0,True,False
광장초등학교,광진구,259,0.22036475242776699,10.0,213.0,0.0,89.0,False,True
대현초등학교,강남구,260,0.20270274544379374,6.0,1117.0,0.0,146.0,True,True
논현초등학교,강남구,261,0.189268644245302,11.0,185.0,0.0,706.0,True,False
서울묵동초등학교,중랑구,262,0.17160881591730193,9.0,281.0,0.0,76.0,False,True
용동초등학교,노원구,263,0.17038078828727676,9.0,177.0,0.0,177.0,False,False
금양초교,용산구,264,0.16765194893022284,5.0,512.0,0.0,125.0,False,False
거원초등학교,송파구,265,0.16069330109143276,11.0,549.0,0.0,342.0,True,False
서울상봉초등학교,중랑구,266,0.15683476582173683,6.0,485.0,0.0,79.0,False,True
동북,도봉구,267,0.1371781305684847,0.0,767.0,0.0,211.0,False,False
중마초등학교,광진구,268,0.07807120790898514,6.0,252.0,0.0,281.0,False,False
서울면남초등학교,중랑구,269,0.07244600390944478,8.0,353.0,0.0,43.0,False,False
전동초교,동대문구,270,0.07231255629051525,12.0,513.0,0.0,280.0,True,False
용두초교,동대문구,271,0.07220194807624725,5.0,312.0,0.0,958.0,True,False
충암초등,은평구,272,0.057287489586263396,0.0,668.0,0.0,282.0,False,False
신암초등학교,강동구,273,0.035216294374599943,11.0,592.0,0.0,260.0,True,False
덕의초등학교,구로구,274,0.03294759242738232,0.0,659.0,0.0,283.0,False,False
양남초등학교,광진구,275,0.018710188758952695,8.0,200.0,0.0,175.0,False,False
인헌초등학교,관악구,276,0.007195747739268343,4.0,587.0,0.0,738.0,True,False
서울신내초등학교,중랑구,277,0.0056351884333116775,5.0,502.0,0.0,83.0,False,True
구룡초등학교,강남구,278,-0.016500443670539044,14.0,557.0,0.0,71.0,True,True
관악초등학교,관악구,279,-0.01813269505099524,15.0,413.0,0.0,142.0,True,False
연희초등학교,서대문구,280,-0.01846823580601742,6.0,561.0,3.0,143.0,True,False
흑석초등학교,동작구,281,-0.020315911002275477,5.0,354.0,0.0,219.0,False,False
세곡초등학교,구로구,282,-0.02380282776580045,7.0,348.0,0.0,86.0,False,False
무학초등학교,성동구,283,-0.030082004073989088,11.0,347.0,0.0,478.0,True,False
성내초등학교,강동구,284,-0.032490816095613884,10.0,702.0,0.0,200.0,True,False
금북초등학교,성동구,285,-0.03875478518507669,11.0,617.0,0.0,212.0,True,False
삼일초등학교,동작구,286,-0.03986461938901731,0.0,749.0,0.0,172.0,False,False
동교초교,마포구,287,-0.04050630418826562,3.0,544.0,4.0,201.0,True,False
백운초교,도봉구,288,-0.049686877466027846,10.0,602.0,0.0,292.0,True,False
가동초등학교,송파구,289,-0.05083839835905679,2.0,641.0,4.0,172.0,True,False
수명초등학교,강서구,290,-0.050972516723146954,6.0,656.0,3.0,40.0,True,False
노량진초등학교,동작구,291,-0.07327839455345164,6.0,146.0,0.0,336.0,False,False
율현초등학교,강남구,292,-0.07464406857471706,11.0,795.0,0.0,27.0,True,True
사당초등학교,관악구,293,-0.10782695347787596,15.0,399.0,0.0,127.0,True,False
신대림초등학교,영등포구,294,-0.11421785689079678,8.0,278.0,0.0,725.0,True,False
후암초교,용산구,295,-0.11669941137280082,8.0,210.0,0.0,122.0,False,True
서울동원초등학교,중랑구,296,-0.12211616598163877,8.0,279.0,0.0,53.0,False,False
명원초등학교,강동구,297,-0.12603330413935276,6.0,655.0,3.0,17.0,True,False
덕수초등학교,중구,298,-0.14492256551381,5.0,326.0,0.0,875.0,True,False
신구초등학교,강남구,299,-0.14860021379202593,11.0,421.0,0.0,368.0,True,False
세륜초등학교,송파구,300,-0.15927070305423918,14.0,581.0,0.0,2.0,True,False
한강초교,용산구,301,-0.16172593774383692,6.0,156.0,0.0,298.0,False,False
수리초등,은평구,302,-0.17205201933913172,8.0,277.0,0.0,39.0,False,False
서울화계초등학교,강북구,303,-0.18745298006409783,9.0,408.0,0.0,506.0,True,False
자양초등학교,광진구,304,-0.19277838526150726,7.0,307.0,0.0,72.0,False,False
용산초교,용산구,305,-0.2009875485750141,3.0,313.0,0.0,339.0,False,False
왕북초등학교,강남구,306,-0.20853170568980484,10.0,751.0,0.0,96.0,True,True
중원초등학교,노원구,307,-0.21918562734960045,0.0,298.0,3.0,80.0,False,False
미성초등학교,관악구,308,-0.23791746718858375,5.0,570.0,3.0,133.0,True,False
아현초교,마포구,309,-0.2437335655124307,7.0,617.0,0.0,422.0,True,False
청원초등학교,노원구,310,-0.2534564669298325,0.0,718.0,0.0,134.0,False,False
신자초등학교,광진구,311,-0.25566873923304323,6.0,236.0,0.0,190.0,False,True
연천초등,은평구,312,-0.2569692579775553,9.0,157.0,0.0,60.0,False,False
금옥초등학교,성동구,313,-0.26559549076293876,8.0,292.0,0.0,663.0,True,False
상원초등학교,노원구,314,-0.2685938166705588,6.0,281.0,0.0,142.0,False,False
송화초등학교,강서구,315,-0.27622711085950313,8.0,906.0,0.0,61.0,True,False
서울인수초등학교,강북구,316,-0.28723780901632395,11.0,512.0,0.0,235.0,True,False
고원초등학교,구로구,317,-0.2911270570434825,0.0,480.0,0.0,354.0,False,False
청파초교(병설유치원),용산구,318,-0.2922365244228269,6.0,303.0,0.0,113.0,False,False
남정초교(병설유치원),용산구,319,-0.32601930525025935,6.0,175.0,0.0,227.0,False,False
영중초등학교,영등포구,320,-0.3282152177629789,4.0,353.0,0.0,859.0,True,False
매봉초등학교,구로구,321,-0.32934921463381794,8.0,167.0,0.0,96.0,False,True
개원초등학교,강남구,322,-0.3410412901008555,8.0,934.0,0.0,13.0,True,False
영본초등학교,동작구,323,-0.35988746988774367,1.0,553.0,0.0,192.0,False,False
서울신묵초등학교,중랑구,324,-0.4106364937406597,5.0,301.0,0.0,146.0,False,False
가주초등학교,송파구,325,-0.4340982698076313,0.0,708.0,4.0,122.0,True,False
가인초등학교,도봉구,326,-0.437276259350078,13.0,299.0,0.0,257.0,True,False
대은초등,은평구,327,-0.43771939924027725,7.0,117.0,0.0,179.0,False,False
서강초교,마포구,328,-0.44110640967828985,6.0,943.0,0.0,110.0,True,True
경복초등학교,광진구,329,-0.44256075373503534,0.0,734.0,0.0,58.0,False,False
중동초교,마포구,330,-0.4503890569250226,7.0,378.0,0.0,589.0,True,True
상계초등학교,노원구,331,-0.4665129576244478,6.0,170.0,0.0,187.0,False,False
용곡초등학교,광진구,332,-0.4739591028723322,5.0,310.0,0.0,117.0,False,False
상명초등학교,노원구,333,-0.47605755121224047,0.0,722.0,0.0,59.0,False,False
개명초등학교,구로구,334,-0.5547647264551043,7.0,252.0,0.0,10.0,False,False
우신초등학교,영등포구,335,-0.5600402599799269,4.0,172.0,3.0,487.0,True,False
자곡초등학교,강남구,336,-0.560209363313642,13.0,509.0,0.0,13.0,True,False
방학초교,도봉구,337,-0.5691391266347934,11.0,394.0,0.0,260.0,True,True
연지초등학교,노원구,338,-0.576021930600892,6.0,209.0,0.0,114.0,False,False
염동초등학교,강서구,339,-0.5840290556332818,8.0,759.0,0.0,106.0,True,False
잠신초등학교,송파구,340,-0.5872699434213907,0.0,1321.0,0.0,108.0,True,False
신곡초등학교,강서구,341,-0.5874352093954298,13.0,457.0,0.0,55.0,True,False
원효초교,용산구,342,-0.589011444930595,4.0,385.0,0.0,76.0,False,True
오정초등학교,구로구,343,-0.6090663935446687,6.0,271.0,0.0,43.0,False,False
난향초등학교,관악구,344,-0.6116310940557957,9.0,547.0,0.0,235.0,True,False
당현초등학교,노원구,345,-0.6275922946502355,4.0,358.0,0.0,90.0,False,False
석촌초등학교,송파구,346,-0.6356265835477586,8.0,499.0,0.0,343.0,True,False
고덕초등학교,강동구,347,-0.6364793885675162,9.0,704.0,0.0,74.0,True,False
안암초등학교,성북구,348,-0.6375598548066969,13.0,258.0,0.0,233.0,True,False
성자초등학교,광진구,349,-0.6414383672637982,3.0,420.0,0.0,94.0,False,False
공릉초등학교,노원구,350,-0.6576890531266757,0.0,244.0,0.0,467.0,False,False
태강삼육초등학교,노원구,351,-0.6577226750755136,0.0,723.0,0.0,0.0,False,False
월촌초교,양천구,352,-0.6662503247976219,0.0,1011.0,0.0,385.0,True,True
도림초등학교,영등포구,353,-0.6668635221610058,4.0,240.0,0.0,861.0,True,False
양화초교,양천구,354,-0.6694220394061652,11.0,475.0,0.0,149.0,True,False
이수,서초구,355,-0.670098179709028,10.0,449.0,0.0,243.0,True,False
한남초교(병설유치원),용산구,356,-0.6830879453846228,6.0,177.0,0.0,111.0,False,False
발산초등학교,강서구,357,-0.6835175877015872,8.0,790.0,0.0,44.0,True,False
봉래초등학교,중구,358,-0.6849484741831823,10.0,359.0,0.0,326.0,True,False
신계초등학교,노원구,359,-0.6961934408031356,8.0,134.0,0.0,11.0,False,False
정심초등학교,금천구,360,-0.6990768790687567,13.0,244.0,0.0,227.0,True,False
성북초등학교,성북구,361,-0.7024493556702998,4.0,155.0,0.0,264.0,False,False
문덕초등학교,송파구,362,-0.7027095748030712,4.0,434.0,3.0,186.0,True,False
한신,도봉구,363,-0.7152266673451975,0.0,618.0,0.0,84.0,False,False
창서초등학교,서대문구,364,-0.7205395212279848,4.0,166.0,0.0,916.0,True,False
당곡초등학교,관악구,365,-0.7473771498180543,9.0,322.0,0.0,411.0,True,True
서울송천초등학교,강북구,366,-0.7559728190059809,8.0,357.0,0.0,443.0,True,False
금성초등학교,중랑구,367,-0.7602448196434566,0.0,673.0,0.0,16.0,False,True
동광초등학교,금천구,368,-0.7630148896634397,0.0,469.0,0.0,214.0,False,False
미래초등학교,구로구,369,-0.771612920348647,0.0,419.0,0.0,260.0,False,False
영원초등학교,영등포구,370,-0.7738192485809461,4.0,406.0,0.0,665.0,True,False
창림,도봉구,371,-0.7818215821141902,9.0,681.0,0.0,50.0,True,False
영등포초등학교,영등포구,372,-0.7821266751072513,6.0,262.0,0.0,665.0,True,False
신천초등학교,송파구,373,-0.7831655908330255,13.0,358.0,0.0,89.0,True,False
서교초교,마포구,374,-0.7865980542085524,3.0,255.0,0.0,877.0,True,False
금동초등학교,금천구,375,-0.793275317975324,2.0,485.0,0.0,51.0,False,False
서울면북초등학교,중랑구,376,-0.8163111474973637,7.0,114.0,0.0,61.0,False,False
서신초등,은평구,377,-0.8314870598460795,4.0,363.0,0.0,20.0,False,False
용강초교,마포구,378,-0.8453904378858693,8.0,499.0,0.0,276.0,True,False
어울초등학교,은평구,379,-0.8480046194163504,4.0,374.0,0.0,4.0,False,False
대길초등학교,영등포구,380,-0.8592132020842879,9.0,271.0,0.0,425.0,True,False
화랑초등학교,노원구,381,-0.883662042814257,0.0,610.0,0.0,38.0,False,False
오금초등학교,송파구,382,-0.9042032207869555,5.0,586.0,0.0,379.0,True,False
방일,서초구,383,-0.9044466838933178,6.0,863.0,0.0,40.0,True,True
신원초교,양천구,384,-0.9382048667246707,13.0,299.0,0.0,97.0,True,False
원당초등학교,관악구,385,-0.9507380047894957,7.0,108.0,3.0,218.0,True,False
상현초등학교,동작구,386,-0.9607017016151123,9.0,487.0,0.0,182.0,True,False
가곡초등학교,강서구,387,-0.9763408411081755,2.0,620.0,3.0,55.0,True,False
반원,서초구,388,-0.9822035562623115,0.0,1247.0,0.0,54.0,True,False
상암초교,마포구,389,-0.9835045992290736,4.0,405.0,0.0,599.0,True,True
휘봉초교,동대문구,390,-0.9966625063887813,10.0,541.0,0.0,49.0,True,False
용암초교,용산구,391,-0.9988458245259475,4.0,102.0,0.0,221.0,False,False
명신초등학교,종로구,392,-1.0122723170103478,5.0,188.0,0.0,64.0,False,False
서정초교,양천구,393,-1.013324296122158,3.0,830.0,0.0,244.0,True,False
봉현초등학교,관악구,394,-1.019900990390618,9.0,603.0,0.0,50.0,True,True
장위초등학교,성북구,395,-1.0230963332647829,11.0,354.0,0.0,154.0,True,False
용답초등학교,성동구,396,-1.0359807042616191,8.0,175.0,0.0,531.0,True,False
매헌,서초구,397,-1.0372195223166767,0.0,409.0,3.0,379.0,True,False
이대부속초등학교,서대문구,398,-1.045538646262642,0.0,0.0,0.0,581.0,False,False
충무초등학교,중구,399,-1.058107461572718,4.0,119.0,0.0,854.0,True,False
신광초교,용산구,400,-1.0628374894686414,0.0,340.0,0.0,244.0,False,False
동일초등학교,노원구,401,-1.063327199215011,0.0,426.0,0.0,160.0,False,False
신중,서초구,402,-1.0735395120587703,5.0,749.0,0.0,166.0,True,False
강동초등학교,강동구,403,-1.0781596266531475,8.0,473.0,0.0,227.0,True,False
한천초등학교,노원구,404,-1.0988146203515001,0.0,559.0,0.0,19.0,False,False
홍파초교,동대문구,405,-1.1085961719878317,7.0,188.0,0.0,564.0,True,False
상곡초등학교,노원구,406,-1.1137340747124027,0.0,430.0,0.0,140.0,False,False
덕암초등학교,노원구,407,-1.1155490033852502,0.0,493.0,0.0,78.0,False,False
대모초등학교,강남구,408,-1.115773629725137,7.0,758.0,0.0,6.0,True,False
버들초등학교,송파구,409,-1.122603770604149,0.0,842.0,0.0,404.0,True,False
청계초등학교,노원구,410,-1.1265419836660595,5.0,168.0,0.0,47.0,False,False
소의초교,마포구,411,-1.1527788151059815,7.0,352.0,0.0,390.0,True,False
신동,서초구,412,-1.1539173991041938,0.0,1201.0,0.0,44.0,True,False
녹천초등학교,노원구,413,-1.1618560713133925,6.0,134.0,0.0,0.0,False,False
신당초등학교,중구,414,-1.1903989329393538,7.0,233.0,0.0,494.0,True,False
신서초교,양천구,415,-1.1969262401366985,0.0,1031.0,0.0,196.0,True,False
서이,서초구,416,-1.1977486522494705,0.0,1201.0,0.0,30.0,True,False
노일초등학교,노원구,417,-1.203183478266099,0.0,373.0,0.0,167.0,False,False
남명초교,양천구,418,-1.254921116254983,10.0,401.0,0.0,103.0,True,False
신강초교,양천구,419,-1.2680443295495076,10.0,289.0,0.0,208.0,True,False
염경초등학교,강서구,420,-1.2952196011651311,6.0,736.0,0.0,39.0,True,False
양강초교,양천구,421,-1.2983481456498285,9.0,441.0,0.0,119.0,True,True
온곡초등학교,노원구,422,-1.31559708777192,0.0,449.0,0.0,57.0,False,False
해누리초등학교,송파구,423,-1.3235444989066831,6.0,698.0,0.0,67.0,True,False
한서초교,마포구,424,-1.3237869922825873,5.0,826.0,0.0,11.0,True,False
길음초등학교,성북구,425,-1.3428096876263644,6.0,744.0,0.0,16.0,True,False
대광초등학교,성북구,426,-1.346612330767121,0.0,505.0,0.0,661.0,True,False
창천초교,마포구,427,-1.3509207920988462,4.0,140.0,0.0,740.0,True,True
장월초등학교,성북구,428,-1.358374889383144,4.0,554.0,0.0,334.0,True,False
계남초교,양천구,429,-1.3635384150460204,6.0,689.0,0.0,63.0,True,True
안산초등학교,서대문구,430,-1.368343568430069,9.0,535.0,0.0,5.0,True,False
양명초교,양천구,431,-1.3723953674022078,8.0,552.0,0.0,56.0,True,False
선일초등,은평구,432,-1.3770449521472312,0.0,474.0,0.0,13.0,False,False
영희초등학교,강남구,433,-1.3794304087795928,11.0,227.0,0.0,164.0,True,False
신흥초등학교,금천구,434,-1.3799177570286816,10.0,398.0,0.0,66.0,True,False
양목초교,양천구,435,-1.3944670316243544,6.0,405.0,0.0,330.0,True,False
상지초교,마포구,436,-1.4093182958289667,8.0,464.0,0.0,130.0,True,False
서울유현초등학교,강북구,437,-1.4231257036486538,12.0,220.0,0.0,88.0,True,False
세종초등학교,광진구,438,-1.42882751885138,0.0,336.0,0.0,131.0,False,False
우촌초등학교,성북구,439,-1.4463118307642708,0.0,635.0,3.0,28.0,True,False
월천,도봉구,440,-1.4497515516202817,12.0,280.0,0.0,21.0,True,False
도봉초교,도봉구,441,-1.4585429951679372,10.0,243.0,0.0,192.0,True,True
천왕초등학교,구로구,442,-1.4587373777608437,10.0,405.0,0.0,34.0,True,True
조원초등학교,관악구,443,-1.4664297696487347,8.0,354.0,0.0,219.0,True,False
월계초등학교,노원구,444,-1.4680691524951521,2.0,267.0,0.0,48.0,False,False
백석초등학교,강서구,445,-1.4710708311609761,8.0,453.0,0.0,121.0,True,False
마포초교,마포구,446,-1.4736052879251234,4.0,626.0,0.0,227.0,True,True
탑산초등학교,강서구,447,-1.4805862059440145,11.0,359.0,0.0,3.0,True,False
송전초등학교,송파구,448,-1.5081262844503254,0.0,688.0,0.0,431.0,True,False
개포초등학교,강남구,449,-1.5113001561843764,4.0,827.0,0.0,19.0,True,False
성서초교,마포구,450,-1.5124016715273074,9.0,376.0,0.0,114.0,True,False
경인초교,양천구,451,-1.5188681929106806,0.0,1104.0,0.0,22.0,True,False
문백초등학교,금천구,452,-1.5206141660685533,8.0,446.0,0.0,112.0,True,False
토성초등학교,송파구,453,-1.5279210218124835,5.0,515.0,0.0,249.0,True,False
돈암초등학교,성북구,454,-1.5509721055273678,3.0,540.0,0.0,355.0,True,False
역삼초등학교,강남구,455,-1.5797690973251637,9.0,277.0,0.0,189.0,True,False
서울 길음초(삼각산아이원아파트 통학로),강북구,456,-1.6059525257629674,0.0,0.0,0.0,402.0,False,False
배봉초교,동대문구,457,-1.6148125580010013,7.0,375.0,0.0,220.0,True,False
원명,서초구,458,-1.6212426739018926,0.0,1092.0,0.0,1.0,True,False
중현초등학교,노원구,459,-1.630326147056573,4.0,90.0,0.0,31.0,False,False
양동초교,양천구,460,-1.6940962185671078,8.0,263.0,0.0,235.0,True,False
세명초등학교,강남구,461,-1.7082338650700308,7.0,568.0,0.0,2.0,True,False
개운초등학교,성북구,462,-1.7233864690036023,6.0,527.0,0.0,106.0,True,False
사근초등학교,성동구,463,-1.7275285791521258,10.0,120.0,0.0,226.0,True,True
한산초등학교,강동구,464,-1.7694064816651724,6.0,515.0,0.0,103.0,True,False
양재,서초구,465,-1.7700509394801138,9.0,308.0,0.0,98.0,True,True
잠동초등학교,송파구,466,-1.7846351256055601,0.0,940.0,0.0,97.0,True,False
누원초등학교,도봉구,467,-1.7950211254702544,6.0,602.0,0.0,10.0,True,True
서일,서초구,468,-1.7953669249039947,6.0,407.0,0.0,200.0,True,True
원신초등학교,관악구,469,-1.7982656510437616,13.0,88.0,0.0,28.0,True,True
대청초등학교,강남구,470,-1.8082346499411643,11.0,66.0,0.0,184.0,True,False
신답초교,동대문구,471,-1.819221733125181,4.0,522.0,0.0,218.0,True,False
포이초등학교,강남구,472,-1.8203559006864916,7.0,401.0,0.0,129.0,True,False
일신초등학교,성북구,473,-1.8223618807245074,4.0,562.0,0.0,178.0,True,False
당산초등학교,영등포구,474,-1.8253066760004686,2.0,291.0,0.0,579.0,True,False
잠현초등학교,송파구,475,-1.831185976490542,0.0,855.0,0.0,165.0,True,False
강신초교,양천구,476,-1.8436915759847816,6.0,544.0,0.0,51.0,True,True
종암초교,동대문구,477,-1.8833434459544809,6.0,411.0,0.0,168.0,True,False
영림초등학교,영등포구,478,-1.9035851449755252,0.0,182.0,0.0,798.0,True,False
영남초등학교,금천구,479,-1.9044543782903594,4.0,172.0,0.0,532.0,True,False
전곡초교,동대문구,480,-1.9175421558328605,8.0,198.0,0.0,227.0,True,False
치현초등학교,강서구,481,-1.928442463440004,7.0,382.0,0.0,113.0,True,False
문교초등학교,금천구,482,-1.9323209289229861,7.0,232.0,0.0,258.0,True,False
평화초등학교,송파구,483,-1.935097981248924,6.0,153.0,0.0,403.0,True,False
고명초등학교,강동구,484,-1.939743561383953,0.0,842.0,0.0,143.0,True,False
상월초등학교,노원구,485,-1.9564465132756743,2.0,147.0,0.0,9.0,False,False
신은초교,양천구,486,-1.961123831110392,6.0,325.0,0.0,227.0,True,False
갈산초교,양천구,487,-1.9644255047124721,0.0,957.0,0.0,23.0,True,False
신봉초등학교,관악구,488,-1.985477795067069,8.0,186.0,0.0,217.0,True,True
행현초등학교,성동구,489,-2.011405381715739,2.0,508.0,0.0,308.0,True,False
우장초등학교,강서구,490,-2.0256696426916427,0.0,780.0,0.0,176.0,True,True
삼성초등학교,관악구,491,-2.0277272691121673,7.0,211.0,0.0,248.0,True,False
방화초등학교,강서구,492,-2.0725379417501824,7.0,383.0,0.0,66.0,True,False
지향초교,양천구,493,-2.0739486466725987,6.0,486.0,0.0,34.0,True,True
우솔,서초구,494,-2.0746692466802434,8.0,365.0,0.0,14.0,True,False
선린초등학교,강동구,495,-2.0795518318379305,5.0,443.0,0.0,143.0,True,False
월곡초등학교,성북구,496,-2.0814312995888518,7.0,257.0,0.0,186.0,True,False
본동초등학교,동작구,497,-2.104988670505188,2.0,85.0,0.0,22.0,False,False
창도,도봉구,498,-2.1070388589020927,4.0,599.0,0.0,51.0,True,False
동신초등학교,성북구,499,-2.1277840146168248,7.0,329.0,0.0,101.0,True,False
초당,도봉구,500,-2.1478214630194774,0.0,661.0,0.0,253.0,True,False
강월초교,양천구,501,-2.173028334181798,7.0,347.0,0.0,69.0,True,False
삼릉초등학교,강남구,502,-2.196402776459851,5.0,416.0,0.0,132.0,True,False
서울교대부설,서초구,503,-2.2321132849812084,0.0,0.0,0.0,202.0,False,False
송파초등학교,송파구,504,-2.2338518201154605,3.0,425.0,0.0,249.0,True,False
상일초등학교,강동구,505,-2.2391363697121855,4.0,168.0,0.0,429.0,True,False
경일초등학교,성동구,506,-2.252843152821794,1.0,159.0,0.0,640.0,True,False
창경,도봉구,507,-2.265309780964498,0.0,682.0,0.0,195.0,True,False
신화,도봉구,508,-2.2845503716880993,7.0,292.0,0.0,87.0,True,False
가양초등학교,강서구,509,-2.291779795658391,10.0,129.0,0.0,37.0,True,False
동산초등학교,중구,510,-2.312862492212791,0.0,530.0,0.0,328.0,True,False
휘경초교,동대문구,511,-2.313729466216231,7.0,225.0,0.0,143.0,True,False
서울미양초등학교(미양병설유치원 중복),강북구,512,-2.316644987475671,0.0,0.0,0.0,175.0,False,False
행림초등학교,동작구,513,-2.3226299555208607,0.0,156.0,0.0,21.0,False,False
등서초등학교,강서구,514,-2.3246872284096067,5.0,415.0,0.0,92.0,True,False
고은초등학교,서대문구,515,-2.3423319732352335,9.0,180.0,0.0,40.0,True,False
창원,도봉구,516,-2.3683358042624927,6.0,208.0,0.0,211.0,True,False
청덕초등학교,성북구,517,-2.3736974657823784,8.0,186.0,0.0,93.0,True,False
방산초등학교,송파구,518,-2.3742318528981197,0.0,554.0,0.0,285.0,True,False
은석초교,동대문구,519,-2.3754374396575724,0.0,689.0,0.0,153.0,True,False
삼육초교,동대문구,520,-2.3816990472497546,0.0,689.0,0.0,151.0,True,False
경기초등학교,서대문구,521,-2.404607190382469,0.0,582.0,0.0,248.0,True,False
신남성초등학교,동작구,522,-2.410465646140565,5.0,391.0,0.0,88.0,True,False
백산초등학교,금천구,523,-2.4181146502400193,6.0,204.0,0.0,199.0,True,False
북한산초등,은평구,524,-2.4200012494569014,1.0,75.0,0.0,0.0,False,False
압구정초등학교,강남구,525,-2.441900196388571,0.0,738.0,0.0,84.0,True,False
홍연초등학교,서대문구,526,-2.4648668660238626,5.0,406.0,0.0,56.0,True,False
미동초등학교,서대문구,527,-2.4678303489062943,3.0,215.0,0.0,379.0,True,False
난곡초등학교,관악구,528,-2.4792905980629,8.0,215.0,0.0,31.0,True,False
정릉초등학교,성북구,529,-2.483582528913662,5.0,445.0,0.0,12.0,True,False
풍성초등학교,송파구,530,-2.4920225824884445,3.0,244.0,0.0,343.0,True,False
서울삼각산초등학교,강북구,531,-2.492708934139114,0.0,787.0,0.0,20.0,True,False
개일초등학교,강남구,532,-2.514467553331786,0.0,785.0,0.0,15.0,True,False
강일초등학교,강동구,533,-2.518166672750116,4.0,492.0,0.0,24.0,True,False
대왕초등학교,강남구,534,-2.5190325748372113,5.0,418.0,0.0,27.0,True,False
상명대부속초등학교,종로구,535,-2.5389320569981466,0.0,0.0,0.0,104.0,False,False
등촌초등학교,강서구,536,-2.5395257911869176,5.0,360.0,0.0,77.0,True,False
오봉,도봉구,537,-2.5479691759894387,6.0,223.0,0.0,139.0,True,False
삼선초등학교,성북구,538,-2.5663931628039913,2.0,399.0,0.0,237.0,True,False
창동,도봉구,539,-2.5773697147897243,4.0,289.0,0.0,203.0,True,False
서울오현초등학교,강북구,540,-2.6091571489633116,2.0,186.0,0.0,431.0,True,False
남천초등학교,송파구,541,-2.609721711321448,6.0,212.0,0.0,130.0,True,False
매원초등학교,성북구,542,-2.6264830538485584,0.0,497.0,0.0,260.0,True,False
신림초등학교,관악구,543,-2.63335035227592,4.0,364.0,0.0,112.0,True,False
명지초등학교,서대문구,544,-2.6349109800864614,0.0,724.0,0.0,36.0,True,False
양전초등학교,강남구,545,-2.644181602182202,7.0,207.0,0.0,55.0,True,False
대신초등학교,서대문구,546,-2.660345410282319,6.0,139.0,0.0,185.0,True,False
개롱초등학교,송파구,547,-2.667839666313201,4.0,245.0,0.0,217.0,True,False
장수초교,양천구,548,-2.6740430066295544,0.0,242.0,3.0,19.0,True,False
계성,서초구,549,-2.692179461286196,0.0,616.0,0.0,123.0,True,True
청담초등학교,강남구,550,-2.7205454875047907,0.0,419.0,0.0,306.0,True,False
서울면중초등학교,중랑구,551,-2.754957518928439,0.0,0.0,0.0,35.0,False,False
우암,서초구,552,-2.758508723424146,6.0,193.0,0.0,101.0,True,True
신기초교,양천구,553,-2.7682221318783067,5.0,322.0,0.0,41.0,True,True
등원초등학교,강서구,554,-2.772703926699188,8.0,124.0,0.0,26.0,True,False
하늘숲초등학교,구로구,555,-2.777155226427197,6.0,271.0,0.0,19.0,True,False
석계초등학교,성북구,556,-2.785551790027656,3.0,314.0,0.0,181.0,True,False
광운초등학교,성북구,557,-2.8014342355862203,0.0,572.0,0.0,131.0,True,False
성신초등학교,성북구,558,-2.8333516154605274,0.0,500.0,0.0,191.0,True,False
신방학초교,도봉구,559,-2.83725918426956,6.0,239.0,0.0,31.0,True,False
한양초등학교,성동구,560,-2.8377758535092896,0.0,676.0,0.0,18.0,True,True
동답초교,동대문구,561,-2.8456299757717076,0.0,457.0,0.0,229.0,True,False
응봉초등학교,성동구,562,-2.861155018781903,0.0,575.0,0.0,109.0,True,False
수서초등학교,강남구,563,-2.8627121998860012,8.0,114.0,0.0,7.0,True,False
창일,도봉구,564,-2.889106085680009,0.0,612.0,0.0,64.0,True,False
우면,서초구,565,-2.9140119369638486,3.0,395.0,0.0,61.0,True,True
신명초등학교,강동구,566,-2.919700608125118,1.0,478.0,0.0,116.0,True,False
청룡초등학교,관악구,567,-2.9270683518689062,4.0,237.0,0.0,142.0,True,False
성원초교,마포구,568,-2.9610211349577558,0.0,212.0,0.0,431.0,True,False
가원초등학교,송파구,569,-2.9720583705715735,0.0,552.0,0.0,96.0,True,False
신북초교,마포구,570,-2.973875660741702,1.0,530.0,0.0,48.0,True,False
대진초등학교,강남구,571,-2.9872625187017676,5.0,161.0,0.0,128.0,True,False
동호초등학교,성동구,572,-2.9925199044333586,4.0,313.0,0.0,47.0,True,False
풍납초등학교,송파구,573,-3.030541884519882,4.0,239.0,0.0,107.0,True,False
자운,도봉구,574,-3.044302368951621,0.0,555.0,0.0,70.0,True,False
양원초교,양천구,575,-3.0539724918032314,6.0,168.0,0.0,31.0,True,False
홍릉초교,동대문구,576,-3.0752273344517387,4.0,210.0,0.0,121.0,True,False
등양초등학교,강서구,577,-3.1275991636959897,5.0,154.0,0.0,90.0,True,False
봉은초등학교,강남구,578,-3.1848558374093217,0.0,471.0,0.0,107.0,True,False
선유초등학교,영등포구,579,-3.18699787790944,0.0,259.0,0.0,313.0,True,False
송원초등학교,성동구,580,-3.207397234190432,3.0,184.0,0.0,173.0,True,False
등현초등학교,강서구,581,-3.30859641914329,0.0,452.0,0.0,86.0,True,False
윤중초등학교,영등포구,582,-3.311080505813046,0.0,364.0,0.0,171.0,True,False
개화초등학교,강서구,583,-3.3465012307459543,5.0,71.0,0.0,101.0,True,False
금천초등학교,금천구,584,-3.3469815966890883,5.0,117.0,0.0,56.0,True,False
학동초등학교,강남구,585,-3.3683770184224855,0.0,376.0,0.0,141.0,True,False
목원초교,양천구,586,-3.4164474708268533,0.0,430.0,0.0,73.0,True,False
신우초등학교,관악구,587,-3.419525543031272,3.0,254.0,0.0,37.0,True,False
선사초등학교,강동구,588,-3.426223056861807,0.0,395.0,0.0,104.0,True,False
오륜초등학교,송파구,589,-3.467962741787244,0.0,488.0,0.0,0.0,True,False
유석초등학교,강서구,590,-3.4699664625138658,0.0,354.0,0.0,130.0,True,True
아주초등학교,송파구,591,-3.4864055183941534,0.0,364.0,0.0,115.0,True,False
정곡초등학교,강서구,592,-3.5237103318866576,5.0,95.0,0.0,21.0,True,True
가산초등학교,금천구,593,-3.552438381462296,0.0,248.0,0.0,207.0,True,False
등명초등학교,강서구,594,-3.554124436350769,4.0,49.0,0.0,125.0,True,False
추계초등학교,서대문구,595,-3.5580214872543356,0.0,359.0,0.0,97.0,True,False
삼정초등학교,강서구,596,-3.571995246257224,4.0,157.0,0.0,14.0,True,True
안천초등학교,금천구,597,-3.578492364919356,4.0,160.0,0.0,9.0,True,False
정수초등학교,성북구,598,-3.582946026144645,3.0,222.0,0.0,16.0,True,False
신창초교,도봉구,599,-3.6230244585494615,0.0,190.0,0.0,241.0,True,False
양천초등학교,강서구,600,-3.9254750553370488,0.0,254.0,0.0,82.0,True,False
금산초등학교,금천구,601,-4.086157253104245,0.0,227.0,0.0,57.0,True,False
방현,서초구,602,-4.226553714181981,0.0,141.0,0.0,96.0,True,False
망원초교,마포구,603,-4.271562522677005,0.0,156.0,0.0,67.0,True,False
홍대부속초교,마포구,604,-4.5598731114643885,0.0,0.0,0.0,127.0,True,False
